{
  "build.rs": 1775780925.351113,
  "reader.py": 1775780278.3449893,
  "src\\eeg_sensor.rs": 1775845551.5463617,
  "src\\logger.rs": 1775845517.1068165,
  "src\\main.rs": 1775930847.0278842,
  "src\\speed_sensor.rs": 1775845537.3191571
}